adve_time_year,loca_regi_nuts_clean,total,eligible,mapped_target,mapped_fallback,unmapped,eligible_share,mapped_target_share_of_eligible,mapped_fallback_share_of_eligible,unmapped_share_of_eligible,domain
2010,1,470,470,440,0,30,1.0,0.9361702127659575,0.0,0.06382978723404255,occupation
2010,2,850,850,785,0,65,1.0,0.9235294117647059,0.0,0.07647058823529412,occupation
2010,3,537,537,509,0,28,1.0,0.9478584729981379,0.0,0.0521415270018622,occupation
2010,4,1160,1160,1101,0,59,1.0,0.9491379310344827,0.0,0.05086206896551724,occupation
2010,5,370,370,349,0,21,1.0,0.9432432432432433,0.0,0.05675675675675676,occupation
2010,6,367,367,349,0,18,1.0,0.9509536784741145,0.0,0.04904632152588556,occupation
2010,7,93,93,82,0,11,1.0,0.8817204301075269,0.0,0.11827956989247312,occupation
2010,,238,238,214,0,24,1.0,0.8991596638655462,0.0,0.10084033613445378,occupation
2011,1,503,503,470,0,33,1.0,0.9343936381709742,0.0,0.06560636182902585,occupation
2011,2,922,922,849,0,73,1.0,0.920824295010846,0.0,0.07917570498915401,occupation
2011,3,538,538,496,0,42,1.0,0.9219330855018587,0.0,0.07806691449814127,occupation
2011,4,1154,1154,1073,0,81,1.0,0.9298093587521664,0.0,0.07019064124783363,occupation
2011,5,434,434,400,0,34,1.0,0.9216589861751152,0.0,0.07834101382488479,occupation
2011,6,342,342,321,0,21,1.0,0.9385964912280702,0.0,0.06140350877192982,occupation
2011,7,64,64,58,0,6,1.0,0.90625,0.0,0.09375,occupation
2011,,242,242,229,0,13,1.0,0.9462809917355371,0.0,0.05371900826446281,occupation
2012,1,569,569,537,0,32,1.0,0.9437609841827768,0.0,0.056239015817223195,occupation
2012,2,882,882,789,0,93,1.0,0.8945578231292517,0.0,0.1054421768707483,occupation
2012,3,591,591,540,0,51,1.0,0.9137055837563451,0.0,0.08629441624365482,occupation
2012,4,1099,1099,1024,0,75,1.0,0.9317561419472248,0.0,0.06824385805277525,occupation
2012,5,479,479,429,0,50,1.0,0.8956158663883089,0.0,0.10438413361169102,occupation
2012,6,314,314,278,0,36,1.0,0.8853503184713376,0.0,0.11464968152866242,occupation
2012,7,64,64,55,0,9,1.0,0.859375,0.0,0.140625,occupation
2012,,253,253,238,0,15,1.0,0.9407114624505929,0.0,0.05928853754940711,occupation
2013,1,556,556,522,0,34,1.0,0.9388489208633094,0.0,0.06115107913669065,occupation
2013,2,940,940,846,0,94,1.0,0.9,0.0,0.1,occupation
2013,3,603,603,554,0,49,1.0,0.9187396351575456,0.0,0.0812603648424544,occupation
2013,4,1034,1034,951,0,83,1.0,0.9197292069632496,0.0,0.08027079303675048,occupation
2013,5,598,598,527,0,71,1.0,0.8812709030100334,0.0,0.11872909698996656,occupation
2013,6,316,316,285,0,31,1.0,0.9018987341772152,0.0,0.0981012658227848,occupation
2013,7,85,85,82,0,3,1.0,0.9647058823529412,0.0,0.03529411764705882,occupation
2013,,188,188,175,0,13,1.0,0.9308510638297872,0.0,0.06914893617021277,occupation
2014,1,422,422,374,0,48,1.0,0.8862559241706162,0.0,0.11374407582938388,occupation
2014,2,808,808,729,0,79,1.0,0.9022277227722773,0.0,0.09777227722772278,occupation
2014,3,477,477,421,0,56,1.0,0.8825995807127882,0.0,0.11740041928721175,occupation
2014,4,875,875,819,0,56,1.0,0.936,0.0,0.064,occupation
2014,5,554,554,495,0,59,1.0,0.8935018050541517,0.0,0.10649819494584838,occupation
2014,6,268,268,244,0,24,1.0,0.9104477611940298,0.0,0.08955223880597014,occupation
2014,7,94,94,87,0,7,1.0,0.925531914893617,0.0,0.07446808510638298,occupation
2014,,194,194,178,0,16,1.0,0.9175257731958762,0.0,0.08247422680412371,occupation
2015,1,471,471,437,0,34,1.0,0.9278131634819533,0.0,0.07218683651804671,occupation
2015,2,701,701,636,0,65,1.0,0.9072753209700428,0.0,0.09272467902995721,occupation
2015,3,479,479,445,0,34,1.0,0.9290187891440501,0.0,0.0709812108559499,occupation
2015,4,871,871,798,0,73,1.0,0.9161882893226176,0.0,0.08381171067738231,occupation
2015,5,542,542,482,0,60,1.0,0.8892988929889298,0.0,0.11070110701107011,occupation
2015,6,289,289,252,0,37,1.0,0.8719723183391004,0.0,0.12802768166089964,occupation
2015,7,60,60,58,0,2,1.0,0.9666666666666667,0.0,0.03333333333333333,occupation
2015,,290,290,272,0,18,1.0,0.9379310344827586,0.0,0.06206896551724138,occupation
2016,1,539,539,503,0,36,1.0,0.9332096474953617,0.0,0.06679035250463822,occupation
2016,2,769,769,699,0,70,1.0,0.9089726918075423,0.0,0.09102730819245773,occupation
2016,3,492,492,450,0,42,1.0,0.9146341463414634,0.0,0.08536585365853659,occupation
2016,4,945,945,877,0,68,1.0,0.928042328042328,0.0,0.07195767195767196,occupation
2016,5,457,457,417,0,40,1.0,0.912472647702407,0.0,0.087527352297593,occupation
2016,6,321,321,299,0,22,1.0,0.9314641744548287,0.0,0.06853582554517133,occupation
2016,7,111,111,93,0,18,1.0,0.8378378378378378,0.0,0.16216216216216217,occupation
2016,,310,310,283,0,27,1.0,0.9129032258064517,0.0,0.08709677419354839,occupation
2017,1,501,501,473,0,28,1.0,0.9441117764471058,0.0,0.05588822355289421,occupation
2017,2,760,760,697,0,63,1.0,0.9171052631578948,0.0,0.08289473684210526,occupation
2017,3,475,475,438,0,37,1.0,0.9221052631578948,0.0,0.07789473684210527,occupation
2017,4,901,901,850,0,51,1.0,0.9433962264150944,0.0,0.05660377358490566,occupation
2017,5,533,533,473,0,60,1.0,0.8874296435272045,0.0,0.1125703564727955,occupation
2017,6,311,311,278,0,33,1.0,0.8938906752411575,0.0,0.10610932475884244,occupation
2017,7,75,75,65,0,10,1.0,0.8666666666666667,0.0,0.13333333333333333,occupation
2017,,338,338,318,0,20,1.0,0.9408284023668639,0.0,0.05917159763313609,occupation
2018,1,615,615,588,0,27,1.0,0.9560975609756097,0.0,0.04390243902439024,occupation
2018,2,849,849,794,0,55,1.0,0.9352179034157833,0.0,0.06478209658421673,occupation
2018,3,505,505,473,0,32,1.0,0.9366336633663367,0.0,0.06336633663366337,occupation
2018,4,880,880,839,0,41,1.0,0.9534090909090909,0.0,0.04659090909090909,occupation
2018,5,477,477,432,0,45,1.0,0.9056603773584906,0.0,0.09433962264150944,occupation
2018,6,318,318,292,0,26,1.0,0.9182389937106918,0.0,0.08176100628930817,occupation
2018,7,109,109,101,0,8,1.0,0.926605504587156,0.0,0.07339449541284404,occupation
2018,,287,287,271,0,16,1.0,0.9442508710801394,0.0,0.05574912891986063,occupation
2019,1,585,585,552,0,33,1.0,0.9435897435897436,0.0,0.05641025641025641,occupation
2019,2,865,865,787,0,78,1.0,0.9098265895953758,0.0,0.09017341040462427,occupation
2019,3,577,577,534,0,43,1.0,0.925476603119584,0.0,0.07452339688041594,occupation
2019,4,970,970,910,0,60,1.0,0.9381443298969072,0.0,0.061855670103092786,occupation
2019,5,539,539,497,0,42,1.0,0.922077922077922,0.0,0.07792207792207792,occupation
2019,6,305,305,272,0,33,1.0,0.8918032786885246,0.0,0.10819672131147541,occupation
2019,7,42,42,40,0,2,1.0,0.9523809523809523,0.0,0.047619047619047616,occupation
2019,,203,203,183,0,20,1.0,0.9014778325123153,0.0,0.09852216748768473,occupation
2020,1,561,561,522,0,39,1.0,0.93048128342246,0.0,0.06951871657754011,occupation
2020,2,782,782,722,0,60,1.0,0.9232736572890026,0.0,0.07672634271099744,occupation
2020,3,568,568,528,0,40,1.0,0.9295774647887324,0.0,0.07042253521126761,occupation
2020,4,970,970,910,0,60,1.0,0.9381443298969072,0.0,0.061855670103092786,occupation
2020,5,491,491,442,0,49,1.0,0.90020366598778,0.0,0.09979633401221996,occupation
2020,6,316,316,290,0,26,1.0,0.9177215189873418,0.0,0.08227848101265822,occupation
2020,7,42,42,40,0,2,1.0,0.9523809523809523,0.0,0.047619047619047616,occupation
2020,,188,188,173,0,15,1.0,0.9202127659574468,0.0,0.0797872340425532,occupation
2021,1,598,598,551,0,47,1.0,0.9214046822742475,0.0,0.07859531772575251,occupation
2021,2,811,811,722,0,89,1.0,0.8902589395807645,0.0,0.10974106041923551,occupation
2021,3,584,584,532,0,52,1.0,0.910958904109589,0.0,0.08904109589041095,occupation
2021,4,1007,1007,921,0,86,1.0,0.9145978152929494,0.0,0.08540218470705065,occupation
2021,5,477,477,423,0,54,1.0,0.8867924528301887,0.0,0.11320754716981132,occupation
2021,6,358,358,323,0,35,1.0,0.9022346368715084,0.0,0.09776536312849161,occupation
2021,7,51,51,47,0,4,1.0,0.9215686274509803,0.0,0.0784313725490196,occupation
2021,,117,117,111,0,6,1.0,0.9487179487179487,0.0,0.05128205128205128,occupation
2022,1,577,577,520,0,57,1.0,0.901213171577123,0.0,0.09878682842287695,occupation
2022,2,760,760,672,0,88,1.0,0.8842105263157894,0.0,0.11578947368421053,occupation
2022,3,572,572,497,0,75,1.0,0.8688811188811189,0.0,0.13111888111888112,occupation
2022,4,954,954,856,0,98,1.0,0.8972746331236897,0.0,0.10272536687631027,occupation
2022,5,529,529,475,0,54,1.0,0.8979206049149339,0.0,0.10207939508506617,occupation
2022,6,423,423,390,0,33,1.0,0.9219858156028369,0.0,0.07801418439716312,occupation
2022,7,48,48,41,0,7,1.0,0.8541666666666666,0.0,0.14583333333333334,occupation
2022,,103,103,98,0,5,1.0,0.9514563106796117,0.0,0.04854368932038835,occupation
2023,1,498,498,436,0,62,1.0,0.8755020080321285,0.0,0.12449799196787148,occupation
2023,2,784,784,696,0,88,1.0,0.8877551020408163,0.0,0.11224489795918367,occupation
2023,3,545,545,477,0,68,1.0,0.8752293577981651,0.0,0.12477064220183487,occupation
2023,4,822,822,730,0,92,1.0,0.8880778588807786,0.0,0.11192214111922141,occupation
2023,5,510,510,445,0,65,1.0,0.8725490196078431,0.0,0.12745098039215685,occupation
2023,6,402,402,369,0,33,1.0,0.917910447761194,0.0,0.08208955223880597,occupation
2023,7,24,24,21,0,3,1.0,0.875,0.0,0.125,occupation
2023,,127,127,113,0,14,1.0,0.889763779527559,0.0,0.11023622047244094,occupation
2024,1,470,470,423,0,47,1.0,0.9,0.0,0.1,occupation
2024,2,802,802,718,0,84,1.0,0.8952618453865336,0.0,0.10473815461346633,occupation
2024,3,553,553,494,0,59,1.0,0.8933092224231465,0.0,0.10669077757685352,occupation
2024,4,890,890,820,0,70,1.0,0.9213483146067416,0.0,0.07865168539325842,occupation
2024,5,548,548,490,0,58,1.0,0.8941605839416058,0.0,0.10583941605839416,occupation
2024,6,379,379,341,0,38,1.0,0.899736147757256,0.0,0.10026385224274406,occupation
2024,7,37,37,32,0,5,1.0,0.8648648648648649,0.0,0.13513513513513514,occupation
2024,,302,302,270,0,32,1.0,0.8940397350993378,0.0,0.10596026490066225,occupation
