adve_time_year,occu_isco2_code,total,eligible,mapped_target,mapped_fallback,unmapped,eligible_share,mapped_target_share_of_eligible,mapped_fallback_share_of_eligible,unmapped_share_of_eligible,domain
2010,2,2,2,0,0,2,1.0,0.0,0.0,1.0,occupation
2010,10,13,13,0,0,13,1.0,0.0,0.0,1.0,occupation
2010,11,48,48,48,0,0,1.0,1.0,0.0,0.0,occupation
2010,12,147,147,139,0,8,1.0,0.9455782312925171,0.0,0.05442176870748299,occupation
2010,13,110,110,101,0,9,1.0,0.9181818181818182,0.0,0.08181818181818182,occupation
2010,14,9,9,9,0,0,1.0,1.0,0.0,0.0,occupation
2010,20,8,8,0,0,8,1.0,0.0,0.0,1.0,occupation
2010,21,231,231,224,0,7,1.0,0.9696969696969697,0.0,0.030303030303030304,occupation
2010,22,170,170,146,0,24,1.0,0.8588235294117647,0.0,0.1411764705882353,occupation
2010,23,145,145,142,0,3,1.0,0.9793103448275862,0.0,0.020689655172413793,occupation
2010,24,313,313,311,0,2,1.0,0.9936102236421726,0.0,0.006389776357827476,occupation
2010,25,282,282,270,0,12,1.0,0.9574468085106383,0.0,0.0425531914893617,occupation
2010,26,90,90,87,0,3,1.0,0.9666666666666667,0.0,0.03333333333333333,occupation
2010,30,60,60,0,0,60,1.0,0.0,0.0,1.0,occupation
2010,31,228,228,216,0,12,1.0,0.9473684210526315,0.0,0.05263157894736842,occupation
2010,32,48,48,48,0,0,1.0,1.0,0.0,0.0,occupation
2010,33,427,427,427,0,0,1.0,1.0,0.0,0.0,occupation
2010,34,56,56,55,0,1,1.0,0.9821428571428571,0.0,0.017857142857142856,occupation
2010,35,62,62,62,0,0,1.0,1.0,0.0,0.0,occupation
2010,40,1,1,0,0,1,1.0,0.0,0.0,1.0,occupation
2010,41,188,188,188,0,0,1.0,1.0,0.0,0.0,occupation
2010,42,74,74,74,0,0,1.0,1.0,0.0,0.0,occupation
2010,43,145,145,130,0,15,1.0,0.896551724137931,0.0,0.10344827586206896,occupation
2010,44,123,123,123,0,0,1.0,1.0,0.0,0.0,occupation
2010,51,207,207,207,0,0,1.0,1.0,0.0,0.0,occupation
2010,52,213,213,213,0,0,1.0,1.0,0.0,0.0,occupation
2010,53,38,38,38,0,0,1.0,1.0,0.0,0.0,occupation
2010,54,15,15,15,0,0,1.0,1.0,0.0,0.0,occupation
2010,61,14,14,14,0,0,1.0,1.0,0.0,0.0,occupation
2010,71,157,157,153,0,4,1.0,0.9745222929936306,0.0,0.025477707006369428,occupation
2010,72,129,129,93,0,36,1.0,0.7209302325581395,0.0,0.27906976744186046,occupation
2010,73,12,12,12,0,0,1.0,1.0,0.0,0.0,occupation
2010,74,111,111,111,0,0,1.0,1.0,0.0,0.0,occupation
2010,75,19,19,19,0,0,1.0,1.0,0.0,0.0,occupation
2010,81,32,32,21,0,11,1.0,0.65625,0.0,0.34375,occupation
2010,82,22,22,2,0,20,1.0,0.09090909090909091,0.0,0.9090909090909091,occupation
2010,83,51,51,48,0,3,1.0,0.9411764705882353,0.0,0.058823529411764705,occupation
2010,91,21,21,21,0,0,1.0,1.0,0.0,0.0,occupation
2010,92,10,10,10,0,0,1.0,1.0,0.0,0.0,occupation
2010,93,29,29,29,0,0,1.0,1.0,0.0,0.0,occupation
2010,94,18,18,18,0,0,1.0,1.0,0.0,0.0,occupation
2010,96,7,7,5,0,2,1.0,0.7142857142857143,0.0,0.2857142857142857,occupation
2011,2,6,6,0,0,6,1.0,0.0,0.0,1.0,occupation
2011,10,5,5,0,0,5,1.0,0.0,0.0,1.0,occupation
2011,11,31,31,31,0,0,1.0,1.0,0.0,0.0,occupation
2011,12,147,147,144,0,3,1.0,0.9795918367346939,0.0,0.02040816326530612,occupation
2011,13,82,82,80,0,2,1.0,0.975609756097561,0.0,0.024390243902439025,occupation
2011,14,9,9,9,0,0,1.0,1.0,0.0,0.0,occupation
2011,20,18,18,0,0,18,1.0,0.0,0.0,1.0,occupation
2011,21,214,214,190,0,24,1.0,0.8878504672897196,0.0,0.11214953271028037,occupation
2011,22,170,170,148,0,22,1.0,0.8705882352941177,0.0,0.12941176470588237,occupation
2011,23,104,104,102,0,2,1.0,0.9807692307692307,0.0,0.019230769230769232,occupation
2011,24,305,305,302,0,3,1.0,0.9901639344262295,0.0,0.009836065573770493,occupation
2011,25,324,324,287,0,37,1.0,0.8858024691358025,0.0,0.11419753086419752,occupation
2011,26,94,94,87,0,7,1.0,0.925531914893617,0.0,0.07446808510638298,occupation
2011,30,70,70,0,0,70,1.0,0.0,0.0,1.0,occupation
2011,31,290,290,268,0,22,1.0,0.9241379310344827,0.0,0.07586206896551724,occupation
2011,32,43,43,43,0,0,1.0,1.0,0.0,0.0,occupation
2011,33,384,384,384,0,0,1.0,1.0,0.0,0.0,occupation
2011,34,62,62,62,0,0,1.0,1.0,0.0,0.0,occupation
2011,35,66,66,63,0,3,1.0,0.9545454545454546,0.0,0.045454545454545456,occupation
2011,40,1,1,0,0,1,1.0,0.0,0.0,1.0,occupation
2011,41,179,179,179,0,0,1.0,1.0,0.0,0.0,occupation
2011,42,70,70,70,0,0,1.0,1.0,0.0,0.0,occupation
2011,43,162,162,143,0,19,1.0,0.8827160493827161,0.0,0.11728395061728394,occupation
2011,44,135,135,135,0,0,1.0,1.0,0.0,0.0,occupation
2011,51,225,225,225,0,0,1.0,1.0,0.0,0.0,occupation
2011,52,226,226,226,0,0,1.0,1.0,0.0,0.0,occupation
2011,53,39,39,39,0,0,1.0,1.0,0.0,0.0,occupation
2011,54,18,18,18,0,0,1.0,1.0,0.0,0.0,occupation
2011,61,10,10,10,0,0,1.0,1.0,0.0,0.0,occupation
2011,62,1,1,1,0,0,1.0,1.0,0.0,0.0,occupation
2011,71,137,137,137,0,0,1.0,1.0,0.0,0.0,occupation
2011,72,185,185,142,0,43,1.0,0.7675675675675676,0.0,0.23243243243243245,occupation
2011,73,36,36,36,0,0,1.0,1.0,0.0,0.0,occupation
2011,74,125,125,125,0,0,1.0,1.0,0.0,0.0,occupation
2011,75,34,34,34,0,0,1.0,1.0,0.0,0.0,occupation
2011,81,39,39,35,0,4,1.0,0.8974358974358975,0.0,0.10256410256410256,occupation
2011,82,13,13,4,0,9,1.0,0.3076923076923077,0.0,0.6923076923076923,occupation
2011,83,56,56,54,0,2,1.0,0.9642857142857143,0.0,0.03571428571428571,occupation
2011,91,27,27,27,0,0,1.0,1.0,0.0,0.0,occupation
2011,92,7,7,7,0,0,1.0,1.0,0.0,0.0,occupation
2011,93,27,27,27,0,0,1.0,1.0,0.0,0.0,occupation
2011,94,10,10,10,0,0,1.0,1.0,0.0,0.0,occupation
2011,96,13,13,12,0,1,1.0,0.9230769230769231,0.0,0.07692307692307693,occupation
2012,2,3,3,0,0,3,1.0,0.0,0.0,1.0,occupation
2012,10,12,12,0,0,12,1.0,0.0,0.0,1.0,occupation
2012,11,49,49,46,0,3,1.0,0.9387755102040817,0.0,0.061224489795918366,occupation
2012,12,158,158,140,0,18,1.0,0.8860759493670886,0.0,0.11392405063291139,occupation
2012,13,132,132,128,0,4,1.0,0.9696969696969697,0.0,0.030303030303030304,occupation
2012,14,10,10,10,0,0,1.0,1.0,0.0,0.0,occupation
2012,20,9,9,0,0,9,1.0,0.0,0.0,1.0,occupation
2012,21,213,213,179,0,34,1.0,0.8403755868544601,0.0,0.1596244131455399,occupation
2012,22,214,214,197,0,17,1.0,0.9205607476635514,0.0,0.0794392523364486,occupation
2012,23,153,153,146,0,7,1.0,0.954248366013072,0.0,0.0457516339869281,occupation
2012,24,283,283,281,0,2,1.0,0.9929328621908127,0.0,0.007067137809187279,occupation
2012,25,251,251,217,0,34,1.0,0.8645418326693227,0.0,0.13545816733067728,occupation
2012,26,87,87,85,0,2,1.0,0.9770114942528736,0.0,0.022988505747126436,occupation
2012,30,82,82,0,0,82,1.0,0.0,0.0,1.0,occupation
2012,31,334,334,311,0,23,1.0,0.9311377245508982,0.0,0.0688622754491018,occupation
2012,32,69,69,69,0,0,1.0,1.0,0.0,0.0,occupation
2012,33,343,343,340,0,3,1.0,0.9912536443148688,0.0,0.008746355685131196,occupation
2012,34,67,67,66,0,1,1.0,0.9850746268656716,0.0,0.014925373134328358,occupation
2012,35,61,61,61,0,0,1.0,1.0,0.0,0.0,occupation
2012,41,157,157,157,0,0,1.0,1.0,0.0,0.0,occupation
2012,42,61,61,61,0,0,1.0,1.0,0.0,0.0,occupation
2012,43,166,166,129,0,37,1.0,0.7771084337349398,0.0,0.22289156626506024,occupation
2012,44,129,129,129,0,0,1.0,1.0,0.0,0.0,occupation
2012,51,217,217,217,0,0,1.0,1.0,0.0,0.0,occupation
2012,52,205,205,205,0,0,1.0,1.0,0.0,0.0,occupation
2012,53,41,41,41,0,0,1.0,1.0,0.0,0.0,occupation
2012,54,34,34,34,0,0,1.0,1.0,0.0,0.0,occupation
2012,61,23,23,23,0,0,1.0,1.0,0.0,0.0,occupation
2012,70,2,2,0,0,2,1.0,0.0,0.0,1.0,occupation
2012,71,158,158,157,0,1,1.0,0.9936708860759493,0.0,0.006329113924050633,occupation
2012,72,151,151,111,0,40,1.0,0.7350993377483444,0.0,0.26490066225165565,occupation
2012,73,21,21,21,0,0,1.0,1.0,0.0,0.0,occupation
2012,74,118,118,118,0,0,1.0,1.0,0.0,0.0,occupation
2012,75,35,35,35,0,0,1.0,1.0,0.0,0.0,occupation
2012,81,26,26,22,0,4,1.0,0.8461538461538461,0.0,0.15384615384615385,occupation
2012,82,20,20,8,0,12,1.0,0.4,0.0,0.6,occupation
2012,83,70,70,63,0,7,1.0,0.9,0.0,0.1,occupation
2012,91,31,31,31,0,0,1.0,1.0,0.0,0.0,occupation
2012,92,8,8,8,0,0,1.0,1.0,0.0,0.0,occupation
2012,93,20,20,20,0,0,1.0,1.0,0.0,0.0,occupation
2012,94,12,12,12,0,0,1.0,1.0,0.0,0.0,occupation
2012,96,16,16,12,0,4,1.0,0.75,0.0,0.25,occupation
2013,2,9,9,0,0,9,1.0,0.0,0.0,1.0,occupation
2013,10,6,6,0,0,6,1.0,0.0,0.0,1.0,occupation
2013,11,63,63,61,0,2,1.0,0.9682539682539683,0.0,0.031746031746031744,occupation
2013,12,118,118,108,0,10,1.0,0.9152542372881356,0.0,0.0847457627118644,occupation
2013,13,90,90,85,0,5,1.0,0.9444444444444444,0.0,0.05555555555555555,occupation
2013,14,13,13,13,0,0,1.0,1.0,0.0,0.0,occupation
2013,20,11,11,0,0,11,1.0,0.0,0.0,1.0,occupation
2013,21,188,188,160,0,28,1.0,0.851063829787234,0.0,0.14893617021276595,occupation
2013,22,289,289,262,0,27,1.0,0.9065743944636678,0.0,0.09342560553633218,occupation
2013,23,191,191,189,0,2,1.0,0.9895287958115183,0.0,0.010471204188481676,occupation
2013,24,236,236,236,0,0,1.0,1.0,0.0,0.0,occupation
2013,25,218,218,152,0,66,1.0,0.6972477064220184,0.0,0.30275229357798167,occupation
2013,26,103,103,98,0,5,1.0,0.9514563106796117,0.0,0.04854368932038835,occupation
2013,30,70,70,0,0,70,1.0,0.0,0.0,1.0,occupation
2013,31,322,322,307,0,15,1.0,0.953416149068323,0.0,0.046583850931677016,occupation
2013,32,68,68,68,0,0,1.0,1.0,0.0,0.0,occupation
2013,33,311,311,308,0,3,1.0,0.9903536977491961,0.0,0.00964630225080386,occupation
2013,34,70,70,69,0,1,1.0,0.9857142857142858,0.0,0.014285714285714285,occupation
2013,35,51,51,50,0,1,1.0,0.9803921568627451,0.0,0.0196078431372549,occupation
2013,41,195,195,195,0,0,1.0,1.0,0.0,0.0,occupation
2013,42,69,69,69,0,0,1.0,1.0,0.0,0.0,occupation
2013,43,146,146,113,0,33,1.0,0.773972602739726,0.0,0.22602739726027396,occupation
2013,44,111,111,111,0,0,1.0,1.0,0.0,0.0,occupation
2013,51,251,251,251,0,0,1.0,1.0,0.0,0.0,occupation
2013,52,244,244,244,0,0,1.0,1.0,0.0,0.0,occupation
2013,53,74,74,74,0,0,1.0,1.0,0.0,0.0,occupation
2013,54,36,36,36,0,0,1.0,1.0,0.0,0.0,occupation
2013,61,28,28,28,0,0,1.0,1.0,0.0,0.0,occupation
2013,62,1,1,1,0,0,1.0,1.0,0.0,0.0,occupation
2013,70,1,1,0,0,1,1.0,0.0,0.0,1.0,occupation
2013,71,116,116,116,0,0,1.0,1.0,0.0,0.0,occupation
2013,72,171,171,120,0,51,1.0,0.7017543859649122,0.0,0.2982456140350877,occupation
2013,73,34,34,34,0,0,1.0,1.0,0.0,0.0,occupation
2013,74,134,134,134,0,0,1.0,1.0,0.0,0.0,occupation
2013,75,31,31,31,0,0,1.0,1.0,0.0,0.0,occupation
2013,81,43,43,29,0,14,1.0,0.6744186046511628,0.0,0.32558139534883723,occupation
2013,82,20,20,9,0,11,1.0,0.45,0.0,0.55,occupation
2013,83,79,79,73,0,6,1.0,0.9240506329113924,0.0,0.0759493670886076,occupation
2013,91,45,45,45,0,0,1.0,1.0,0.0,0.0,occupation
2013,92,8,8,8,0,0,1.0,1.0,0.0,0.0,occupation
2013,93,29,29,29,0,0,1.0,1.0,0.0,0.0,occupation
2013,94,14,14,13,0,1,1.0,0.9285714285714286,0.0,0.07142857142857142,occupation
2013,96,13,13,13,0,0,1.0,1.0,0.0,0.0,occupation
2014,2,3,3,0,0,3,1.0,0.0,0.0,1.0,occupation
2014,10,2,2,0,0,2,1.0,0.0,0.0,1.0,occupation
2014,11,64,64,64,0,0,1.0,1.0,0.0,0.0,occupation
2014,12,93,93,82,0,11,1.0,0.8817204301075269,0.0,0.11827956989247312,occupation
2014,13,89,89,84,0,5,1.0,0.9438202247191011,0.0,0.056179775280898875,occupation
2014,14,11,11,11,0,0,1.0,1.0,0.0,0.0,occupation
2014,20,11,11,0,0,11,1.0,0.0,0.0,1.0,occupation
2014,21,183,183,156,0,27,1.0,0.8524590163934426,0.0,0.14754098360655737,occupation
2014,22,230,230,207,0,23,1.0,0.9,0.0,0.1,occupation
2014,23,113,113,111,0,2,1.0,0.9823008849557522,0.0,0.017699115044247787,occupation
2014,24,211,211,211,0,0,1.0,1.0,0.0,0.0,occupation
2014,25,204,204,168,0,36,1.0,0.8235294117647058,0.0,0.17647058823529413,occupation
2014,26,93,93,86,0,7,1.0,0.9247311827956989,0.0,0.07526881720430108,occupation
2014,30,54,54,0,0,54,1.0,0.0,0.0,1.0,occupation
2014,31,243,243,226,0,17,1.0,0.9300411522633745,0.0,0.06995884773662552,occupation
2014,32,64,64,64,0,0,1.0,1.0,0.0,0.0,occupation
2014,33,269,269,266,0,3,1.0,0.9888475836431226,0.0,0.011152416356877323,occupation
2014,34,58,58,56,0,2,1.0,0.9655172413793104,0.0,0.034482758620689655,occupation
2014,35,33,33,31,0,2,1.0,0.9393939393939394,0.0,0.06060606060606061,occupation
2014,41,169,169,169,0,0,1.0,1.0,0.0,0.0,occupation
2014,42,44,44,44,0,0,1.0,1.0,0.0,0.0,occupation
2014,43,104,104,64,0,40,1.0,0.6153846153846154,0.0,0.38461538461538464,occupation
2014,44,118,118,118,0,0,1.0,1.0,0.0,0.0,occupation
2014,51,216,216,216,0,0,1.0,1.0,0.0,0.0,occupation
2014,52,208,208,208,0,0,1.0,1.0,0.0,0.0,occupation
2014,53,49,49,49,0,0,1.0,1.0,0.0,0.0,occupation
2014,54,33,33,33,0,0,1.0,1.0,0.0,0.0,occupation
2014,61,27,27,27,0,0,1.0,1.0,0.0,0.0,occupation
2014,62,1,1,1,0,0,1.0,1.0,0.0,0.0,occupation
2014,70,1,1,0,0,1,1.0,0.0,0.0,1.0,occupation
2014,71,145,145,145,0,0,1.0,1.0,0.0,0.0,occupation
2014,72,170,170,113,0,57,1.0,0.6647058823529411,0.0,0.3352941176470588,occupation
2014,73,17,17,17,0,0,1.0,1.0,0.0,0.0,occupation
2014,74,94,94,94,0,0,1.0,1.0,0.0,0.0,occupation
2014,75,44,44,42,0,2,1.0,0.9545454545454546,0.0,0.045454545454545456,occupation
2014,81,53,53,36,0,17,1.0,0.6792452830188679,0.0,0.32075471698113206,occupation
2014,82,19,19,7,0,12,1.0,0.3684210526315789,0.0,0.631578947368421,occupation
2014,83,59,59,52,0,7,1.0,0.8813559322033898,0.0,0.11864406779661017,occupation
2014,91,33,33,33,0,0,1.0,1.0,0.0,0.0,occupation
2014,92,6,6,6,0,0,1.0,1.0,0.0,0.0,occupation
2014,93,28,28,28,0,0,1.0,1.0,0.0,0.0,occupation
2014,94,16,16,16,0,0,1.0,1.0,0.0,0.0,occupation
2014,96,10,10,6,0,4,1.0,0.6,0.0,0.4,occupation
2015,2,3,3,0,0,3,1.0,0.0,0.0,1.0,occupation
2015,10,2,2,0,0,2,1.0,0.0,0.0,1.0,occupation
2015,11,36,36,36,0,0,1.0,1.0,0.0,0.0,occupation
2015,12,116,116,101,0,15,1.0,0.8706896551724138,0.0,0.12931034482758622,occupation
2015,13,67,67,65,0,2,1.0,0.9701492537313433,0.0,0.029850746268656716,occupation
2015,14,20,20,20,0,0,1.0,1.0,0.0,0.0,occupation
2015,20,10,10,0,0,10,1.0,0.0,0.0,1.0,occupation
2015,21,159,159,135,0,24,1.0,0.8490566037735849,0.0,0.1509433962264151,occupation
2015,22,234,234,206,0,28,1.0,0.8803418803418803,0.0,0.11965811965811966,occupation
2015,23,144,144,144,0,0,1.0,1.0,0.0,0.0,occupation
2015,24,258,258,254,0,4,1.0,0.9844961240310077,0.0,0.015503875968992248,occupation
2015,25,224,224,168,0,56,1.0,0.75,0.0,0.25,occupation
2015,26,80,80,76,0,4,1.0,0.95,0.0,0.05,occupation
2015,30,34,34,0,0,34,1.0,0.0,0.0,1.0,occupation
2015,31,243,243,226,0,17,1.0,0.9300411522633745,0.0,0.06995884773662552,occupation
2015,32,85,85,85,0,0,1.0,1.0,0.0,0.0,occupation
2015,33,199,199,199,0,0,1.0,1.0,0.0,0.0,occupation
2015,34,60,60,58,0,2,1.0,0.9666666666666667,0.0,0.03333333333333333,occupation
2015,35,47,47,45,0,2,1.0,0.9574468085106383,0.0,0.0425531914893617,occupation
2015,41,172,172,172,0,0,1.0,1.0,0.0,0.0,occupation
2015,42,71,71,71,0,0,1.0,1.0,0.0,0.0,occupation
2015,43,117,117,79,0,38,1.0,0.6752136752136753,0.0,0.3247863247863248,occupation
2015,44,96,96,96,0,0,1.0,1.0,0.0,0.0,occupation
2015,51,265,265,264,0,1,1.0,0.9962264150943396,0.0,0.0037735849056603774,occupation
2015,52,187,187,187,0,0,1.0,1.0,0.0,0.0,occupation
2015,53,56,56,56,0,0,1.0,1.0,0.0,0.0,occupation
2015,54,33,33,33,0,0,1.0,1.0,0.0,0.0,occupation
2015,61,23,23,23,0,0,1.0,1.0,0.0,0.0,occupation
2015,62,2,2,2,0,0,1.0,1.0,0.0,0.0,occupation
2015,70,1,1,0,0,1,1.0,0.0,0.0,1.0,occupation
2015,71,151,151,150,0,1,1.0,0.9933774834437086,0.0,0.006622516556291391,occupation
2015,72,155,155,112,0,43,1.0,0.7225806451612903,0.0,0.27741935483870966,occupation
2015,73,19,19,18,0,1,1.0,0.9473684210526315,0.0,0.05263157894736842,occupation
2015,74,92,92,92,0,0,1.0,1.0,0.0,0.0,occupation
2015,75,32,32,31,0,1,1.0,0.96875,0.0,0.03125,occupation
2015,81,57,57,39,0,18,1.0,0.6842105263157895,0.0,0.3157894736842105,occupation
2015,82,8,8,3,0,5,1.0,0.375,0.0,0.625,occupation
2015,83,55,55,49,0,6,1.0,0.8909090909090909,0.0,0.10909090909090909,occupation
2015,91,33,33,33,0,0,1.0,1.0,0.0,0.0,occupation
2015,92,8,8,8,0,0,1.0,1.0,0.0,0.0,occupation
2015,93,22,22,22,0,0,1.0,1.0,0.0,0.0,occupation
2015,94,10,10,9,0,1,1.0,0.9,0.0,0.1,occupation
2015,96,17,17,13,0,4,1.0,0.7647058823529411,0.0,0.23529411764705882,occupation
2016,2,2,2,0,0,2,1.0,0.0,0.0,1.0,occupation
2016,10,2,2,0,0,2,1.0,0.0,0.0,1.0,occupation
2016,11,37,37,34,0,3,1.0,0.918918918918919,0.0,0.08108108108108109,occupation
2016,12,137,137,118,0,19,1.0,0.8613138686131386,0.0,0.1386861313868613,occupation
2016,13,104,104,102,0,2,1.0,0.9807692307692307,0.0,0.019230769230769232,occupation
2016,14,8,8,8,0,0,1.0,1.0,0.0,0.0,occupation
2016,20,11,11,0,0,11,1.0,0.0,0.0,1.0,occupation
2016,21,190,190,171,0,19,1.0,0.9,0.0,0.1,occupation
2016,22,238,238,215,0,23,1.0,0.9033613445378151,0.0,0.09663865546218488,occupation
2016,23,162,162,158,0,4,1.0,0.9753086419753086,0.0,0.024691358024691357,occupation
2016,24,301,301,293,0,8,1.0,0.973421926910299,0.0,0.026578073089700997,occupation
2016,25,245,245,202,0,43,1.0,0.8244897959183674,0.0,0.17551020408163265,occupation
2016,26,102,102,95,0,7,1.0,0.9313725490196079,0.0,0.06862745098039216,occupation
2016,30,42,42,0,0,42,1.0,0.0,0.0,1.0,occupation
2016,31,241,241,226,0,15,1.0,0.9377593360995851,0.0,0.06224066390041494,occupation
2016,32,91,91,91,0,0,1.0,1.0,0.0,0.0,occupation
2016,33,260,260,257,0,3,1.0,0.9884615384615385,0.0,0.011538461538461539,occupation
2016,34,60,60,59,0,1,1.0,0.9833333333333333,0.0,0.016666666666666666,occupation
2016,35,54,54,50,0,4,1.0,0.9259259259259259,0.0,0.07407407407407407,occupation
2016,41,179,179,179,0,0,1.0,1.0,0.0,0.0,occupation
2016,42,59,59,59,0,0,1.0,1.0,0.0,0.0,occupation
2016,43,126,126,100,0,26,1.0,0.7936507936507936,0.0,0.20634920634920634,occupation
2016,44,116,116,115,0,1,1.0,0.9913793103448276,0.0,0.008620689655172414,occupation
2016,51,259,259,259,0,0,1.0,1.0,0.0,0.0,occupation
2016,52,184,184,184,0,0,1.0,1.0,0.0,0.0,occupation
2016,53,59,59,59,0,0,1.0,1.0,0.0,0.0,occupation
2016,54,27,27,27,0,0,1.0,1.0,0.0,0.0,occupation
2016,61,19,19,19,0,0,1.0,1.0,0.0,0.0,occupation
2016,70,2,2,0,0,2,1.0,0.0,0.0,1.0,occupation
2016,71,120,120,117,0,3,1.0,0.975,0.0,0.025,occupation
2016,72,158,158,102,0,56,1.0,0.6455696202531646,0.0,0.35443037974683544,occupation
2016,73,20,20,20,0,0,1.0,1.0,0.0,0.0,occupation
2016,74,93,93,93,0,0,1.0,1.0,0.0,0.0,occupation
2016,75,36,36,36,0,0,1.0,1.0,0.0,0.0,occupation
2016,81,53,53,39,0,14,1.0,0.7358490566037735,0.0,0.2641509433962264,occupation
2016,82,7,7,3,0,4,1.0,0.42857142857142855,0.0,0.5714285714285714,occupation
2016,83,58,58,53,0,5,1.0,0.9137931034482759,0.0,0.08620689655172414,occupation
2016,91,31,31,31,0,0,1.0,1.0,0.0,0.0,occupation
2016,92,4,4,4,0,0,1.0,1.0,0.0,0.0,occupation
2016,93,24,24,24,0,0,1.0,1.0,0.0,0.0,occupation
2016,94,7,7,6,0,1,1.0,0.8571428571428571,0.0,0.14285714285714285,occupation
2016,96,16,16,13,0,3,1.0,0.8125,0.0,0.1875,occupation
2017,2,2,2,0,0,2,1.0,0.0,0.0,1.0,occupation
2017,10,2,2,0,0,2,1.0,0.0,0.0,1.0,occupation
2017,11,68,68,68,0,0,1.0,1.0,0.0,0.0,occupation
2017,12,129,129,124,0,5,1.0,0.9612403100775194,0.0,0.03875968992248062,occupation
2017,13,74,74,71,0,3,1.0,0.9594594594594594,0.0,0.04054054054054054,occupation
2017,14,15,15,15,0,0,1.0,1.0,0.0,0.0,occupation
2017,20,13,13,0,0,13,1.0,0.0,0.0,1.0,occupation
2017,21,222,222,203,0,19,1.0,0.9144144144144144,0.0,0.08558558558558559,occupation
2017,22,234,234,221,0,13,1.0,0.9444444444444444,0.0,0.05555555555555555,occupation
2017,23,108,108,105,0,3,1.0,0.9722222222222222,0.0,0.027777777777777776,occupation
2017,24,248,248,245,0,3,1.0,0.9879032258064516,0.0,0.012096774193548387,occupation
2017,25,233,233,189,0,44,1.0,0.8111587982832618,0.0,0.1888412017167382,occupation
2017,26,93,93,86,0,7,1.0,0.9247311827956989,0.0,0.07526881720430108,occupation
2017,30,12,12,0,0,12,1.0,0.0,0.0,1.0,occupation
2017,31,262,262,249,0,13,1.0,0.950381679389313,0.0,0.04961832061068702,occupation
2017,32,79,79,79,0,0,1.0,1.0,0.0,0.0,occupation
2017,33,261,261,257,0,4,1.0,0.9846743295019157,0.0,0.01532567049808429,occupation
2017,34,58,58,57,0,1,1.0,0.9827586206896551,0.0,0.017241379310344827,occupation
2017,35,53,53,51,0,2,1.0,0.9622641509433962,0.0,0.03773584905660377,occupation
2017,41,178,178,178,0,0,1.0,1.0,0.0,0.0,occupation
2017,42,54,54,54,0,0,1.0,1.0,0.0,0.0,occupation
2017,43,120,120,80,0,40,1.0,0.6666666666666666,0.0,0.3333333333333333,occupation
2017,44,91,91,91,0,0,1.0,1.0,0.0,0.0,occupation
2017,51,253,253,253,0,0,1.0,1.0,0.0,0.0,occupation
2017,52,168,168,168,0,0,1.0,1.0,0.0,0.0,occupation
2017,53,68,68,68,0,0,1.0,1.0,0.0,0.0,occupation
2017,54,30,30,30,0,0,1.0,1.0,0.0,0.0,occupation
2017,61,29,29,29,0,0,1.0,1.0,0.0,0.0,occupation
2017,71,123,123,123,0,0,1.0,1.0,0.0,0.0,occupation
2017,72,207,207,128,0,79,1.0,0.6183574879227053,0.0,0.38164251207729466,occupation
2017,73,29,29,29,0,0,1.0,1.0,0.0,0.0,occupation
2017,74,124,124,124,0,0,1.0,1.0,0.0,0.0,occupation
2017,75,34,34,33,0,1,1.0,0.9705882352941176,0.0,0.029411764705882353,occupation
2017,81,59,59,38,0,21,1.0,0.6440677966101694,0.0,0.3559322033898305,occupation
2017,82,14,14,5,0,9,1.0,0.35714285714285715,0.0,0.6428571428571429,occupation
2017,83,61,61,60,0,1,1.0,0.9836065573770492,0.0,0.01639344262295082,occupation
2017,91,38,38,38,0,0,1.0,1.0,0.0,0.0,occupation
2017,92,6,6,6,0,0,1.0,1.0,0.0,0.0,occupation
2017,93,15,15,15,0,0,1.0,1.0,0.0,0.0,occupation
2017,94,9,9,7,0,2,1.0,0.7777777777777778,0.0,0.2222222222222222,occupation
2017,96,18,18,15,0,3,1.0,0.8333333333333334,0.0,0.16666666666666666,occupation
2018,2,4,4,0,0,4,1.0,0.0,0.0,1.0,occupation
2018,11,69,69,66,0,3,1.0,0.9565217391304348,0.0,0.043478260869565216,occupation
2018,12,114,114,111,0,3,1.0,0.9736842105263158,0.0,0.02631578947368421,occupation
2018,13,92,92,89,0,3,1.0,0.967391304347826,0.0,0.03260869565217391,occupation
2018,14,13,13,13,0,0,1.0,1.0,0.0,0.0,occupation
2018,20,17,17,0,0,17,1.0,0.0,0.0,1.0,occupation
2018,21,221,221,209,0,12,1.0,0.9457013574660633,0.0,0.05429864253393665,occupation
2018,22,246,246,224,0,22,1.0,0.9105691056910569,0.0,0.08943089430894309,occupation
2018,23,146,146,145,0,1,1.0,0.9931506849315068,0.0,0.00684931506849315,occupation
2018,24,262,262,259,0,3,1.0,0.9885496183206107,0.0,0.011450381679389313,occupation
2018,25,281,281,236,0,45,1.0,0.8398576512455516,0.0,0.1601423487544484,occupation
2018,26,86,86,82,0,4,1.0,0.9534883720930233,0.0,0.046511627906976744,occupation
2018,30,10,10,0,0,10,1.0,0.0,0.0,1.0,occupation
2018,31,263,263,252,0,11,1.0,0.9581749049429658,0.0,0.04182509505703422,occupation
2018,32,77,77,77,0,0,1.0,1.0,0.0,0.0,occupation
2018,33,297,297,294,0,3,1.0,0.98989898989899,0.0,0.010101010101010102,occupation
2018,34,68,68,68,0,0,1.0,1.0,0.0,0.0,occupation
2018,35,63,63,57,0,6,1.0,0.9047619047619048,0.0,0.09523809523809523,occupation
2018,41,177,177,177,0,0,1.0,1.0,0.0,0.0,occupation
2018,42,54,54,54,0,0,1.0,1.0,0.0,0.0,occupation
2018,43,133,133,114,0,19,1.0,0.8571428571428571,0.0,0.14285714285714285,occupation
2018,44,107,107,107,0,0,1.0,1.0,0.0,0.0,occupation
2018,51,227,227,227,0,0,1.0,1.0,0.0,0.0,occupation
2018,52,181,181,181,0,0,1.0,1.0,0.0,0.0,occupation
2018,53,65,65,65,0,0,1.0,1.0,0.0,0.0,occupation
2018,54,29,29,29,0,0,1.0,1.0,0.0,0.0,occupation
2018,61,32,32,32,0,0,1.0,1.0,0.0,0.0,occupation
2018,62,2,2,2,0,0,1.0,1.0,0.0,0.0,occupation
2018,71,116,116,113,0,3,1.0,0.9741379310344828,0.0,0.02586206896551724,occupation
2018,72,184,184,119,0,65,1.0,0.6467391304347826,0.0,0.3532608695652174,occupation
2018,73,27,27,27,0,0,1.0,1.0,0.0,0.0,occupation
2018,74,116,116,116,0,0,1.0,1.0,0.0,0.0,occupation
2018,75,32,32,32,0,0,1.0,1.0,0.0,0.0,occupation
2018,80,1,1,0,0,1,1.0,0.0,0.0,1.0,occupation
2018,81,54,54,46,0,8,1.0,0.8518518518518519,0.0,0.14814814814814814,occupation
2018,82,9,9,4,0,5,1.0,0.4444444444444444,0.0,0.5555555555555556,occupation
2018,83,61,61,61,0,0,1.0,1.0,0.0,0.0,occupation
2018,91,45,45,45,0,0,1.0,1.0,0.0,0.0,occupation
2018,92,4,4,4,0,0,1.0,1.0,0.0,0.0,occupation
2018,93,21,21,21,0,0,1.0,1.0,0.0,0.0,occupation
2018,94,15,15,15,0,0,1.0,1.0,0.0,0.0,occupation
2018,96,19,19,17,0,2,1.0,0.8947368421052632,0.0,0.10526315789473684,occupation
2019,2,1,1,0,0,1,1.0,0.0,0.0,1.0,occupation
2019,10,3,3,0,0,3,1.0,0.0,0.0,1.0,occupation
2019,11,49,49,49,0,0,1.0,1.0,0.0,0.0,occupation
2019,12,107,107,105,0,2,1.0,0.9813084112149533,0.0,0.018691588785046728,occupation
2019,13,71,71,65,0,6,1.0,0.9154929577464789,0.0,0.08450704225352113,occupation
2019,14,14,14,14,0,0,1.0,1.0,0.0,0.0,occupation
2019,20,13,13,0,0,13,1.0,0.0,0.0,1.0,occupation
2019,21,266,266,239,0,27,1.0,0.8984962406015038,0.0,0.10150375939849623,occupation
2019,22,290,290,272,0,18,1.0,0.9379310344827586,0.0,0.06206896551724138,occupation
2019,23,110,110,109,0,1,1.0,0.990909090909091,0.0,0.00909090909090909,occupation
2019,24,274,274,273,0,1,1.0,0.9963503649635036,0.0,0.0036496350364963502,occupation
2019,25,315,315,250,0,65,1.0,0.7936507936507936,0.0,0.20634920634920634,occupation
2019,26,111,111,100,0,11,1.0,0.9009009009009009,0.0,0.0990990990990991,occupation
2019,30,7,7,0,0,7,1.0,0.0,0.0,1.0,occupation
2019,31,290,290,276,0,14,1.0,0.9517241379310345,0.0,0.04827586206896552,occupation
2019,32,108,108,108,0,0,1.0,1.0,0.0,0.0,occupation
2019,33,265,265,264,0,1,1.0,0.9962264150943396,0.0,0.0037735849056603774,occupation
2019,34,74,74,74,0,0,1.0,1.0,0.0,0.0,occupation
2019,35,63,63,62,0,1,1.0,0.9841269841269841,0.0,0.015873015873015872,occupation
2019,41,145,145,145,0,0,1.0,1.0,0.0,0.0,occupation
2019,42,49,49,49,0,0,1.0,1.0,0.0,0.0,occupation
2019,43,147,147,102,0,45,1.0,0.6938775510204082,0.0,0.30612244897959184,occupation
2019,44,118,118,118,0,0,1.0,1.0,0.0,0.0,occupation
2019,51,197,197,197,0,0,1.0,1.0,0.0,0.0,occupation
2019,52,198,198,198,0,0,1.0,1.0,0.0,0.0,occupation
2019,53,64,64,64,0,0,1.0,1.0,0.0,0.0,occupation
2019,54,27,27,27,0,0,1.0,1.0,0.0,0.0,occupation
2019,61,25,25,25,0,0,1.0,1.0,0.0,0.0,occupation
2019,71,99,99,97,0,2,1.0,0.9797979797979798,0.0,0.020202020202020204,occupation
2019,72,199,199,129,0,70,1.0,0.6482412060301508,0.0,0.35175879396984927,occupation
2019,73,25,25,21,0,4,1.0,0.84,0.0,0.16,occupation
2019,74,129,129,129,0,0,1.0,1.0,0.0,0.0,occupation
2019,75,31,31,31,0,0,1.0,1.0,0.0,0.0,occupation
2019,81,52,52,46,0,6,1.0,0.8846153846153846,0.0,0.11538461538461539,occupation
2019,82,9,9,4,0,5,1.0,0.4444444444444444,0.0,0.5555555555555556,occupation
2019,83,60,60,57,0,3,1.0,0.95,0.0,0.05,occupation
2019,91,37,37,37,0,0,1.0,1.0,0.0,0.0,occupation
2019,92,2,2,2,0,0,1.0,1.0,0.0,0.0,occupation
2019,93,21,21,21,0,0,1.0,1.0,0.0,0.0,occupation
2019,94,9,9,8,0,1,1.0,0.8888888888888888,0.0,0.1111111111111111,occupation
2019,96,12,12,8,0,4,1.0,0.6666666666666666,0.0,0.3333333333333333,occupation
2020,2,1,1,0,0,1,1.0,0.0,0.0,1.0,occupation
2020,10,4,4,0,0,4,1.0,0.0,0.0,1.0,occupation
2020,11,46,46,45,0,1,1.0,0.9782608695652174,0.0,0.021739130434782608,occupation
2020,12,121,121,120,0,1,1.0,0.9917355371900827,0.0,0.008264462809917356,occupation
2020,13,82,82,80,0,2,1.0,0.975609756097561,0.0,0.024390243902439025,occupation
2020,14,14,14,14,0,0,1.0,1.0,0.0,0.0,occupation
2020,20,8,8,0,0,8,1.0,0.0,0.0,1.0,occupation
2020,21,224,224,209,0,15,1.0,0.9330357142857143,0.0,0.06696428571428571,occupation
2020,22,299,299,284,0,15,1.0,0.9498327759197325,0.0,0.05016722408026756,occupation
2020,23,126,126,119,0,7,1.0,0.9444444444444444,0.0,0.05555555555555555,occupation
2020,24,257,257,250,0,7,1.0,0.9727626459143969,0.0,0.027237354085603113,occupation
2020,25,340,340,276,0,64,1.0,0.8117647058823529,0.0,0.18823529411764706,occupation
2020,26,85,85,76,0,9,1.0,0.8941176470588236,0.0,0.10588235294117647,occupation
2020,30,12,12,0,0,12,1.0,0.0,0.0,1.0,occupation
2020,31,247,247,236,0,11,1.0,0.9554655870445344,0.0,0.044534412955465584,occupation
2020,32,122,122,122,0,0,1.0,1.0,0.0,0.0,occupation
2020,33,254,254,254,0,0,1.0,1.0,0.0,0.0,occupation
2020,34,73,73,73,0,0,1.0,1.0,0.0,0.0,occupation
2020,35,59,59,57,0,2,1.0,0.9661016949152542,0.0,0.03389830508474576,occupation
2020,41,106,106,106,0,0,1.0,1.0,0.0,0.0,occupation
2020,42,52,52,52,0,0,1.0,1.0,0.0,0.0,occupation
2020,43,116,116,83,0,33,1.0,0.7155172413793104,0.0,0.28448275862068967,occupation
2020,44,127,127,127,0,0,1.0,1.0,0.0,0.0,occupation
2020,51,196,196,196,0,0,1.0,1.0,0.0,0.0,occupation
2020,52,192,192,192,0,0,1.0,1.0,0.0,0.0,occupation
2020,53,59,59,59,0,0,1.0,1.0,0.0,0.0,occupation
2020,54,31,31,31,0,0,1.0,1.0,0.0,0.0,occupation
2020,61,22,22,22,0,0,1.0,1.0,0.0,0.0,occupation
2020,70,1,1,0,0,1,1.0,0.0,0.0,1.0,occupation
2020,71,88,88,86,0,2,1.0,0.9772727272727273,0.0,0.022727272727272728,occupation
2020,72,188,188,125,0,63,1.0,0.6648936170212766,0.0,0.3351063829787234,occupation
2020,73,12,12,11,0,1,1.0,0.9166666666666666,0.0,0.08333333333333333,occupation
2020,74,106,106,106,0,0,1.0,1.0,0.0,0.0,occupation
2020,75,31,31,31,0,0,1.0,1.0,0.0,0.0,occupation
2020,81,73,73,56,0,17,1.0,0.7671232876712328,0.0,0.2328767123287671,occupation
2020,82,10,10,2,0,8,1.0,0.2,0.0,0.8,occupation
2020,83,56,56,51,0,5,1.0,0.9107142857142857,0.0,0.08928571428571429,occupation
2020,91,36,36,36,0,0,1.0,1.0,0.0,0.0,occupation
2020,92,2,2,2,0,0,1.0,1.0,0.0,0.0,occupation
2020,93,18,18,18,0,0,1.0,1.0,0.0,0.0,occupation
2020,94,15,15,15,0,0,1.0,1.0,0.0,0.0,occupation
2020,96,7,7,5,0,2,1.0,0.7142857142857143,0.0,0.2857142857142857,occupation
2021,2,2,2,0,0,2,1.0,0.0,0.0,1.0,occupation
2021,10,2,2,0,0,2,1.0,0.0,0.0,1.0,occupation
2021,11,28,28,27,0,1,1.0,0.9642857142857143,0.0,0.03571428571428571,occupation
2021,12,108,108,105,0,3,1.0,0.9722222222222222,0.0,0.027777777777777776,occupation
2021,13,67,67,58,0,9,1.0,0.8656716417910447,0.0,0.13432835820895522,occupation
2021,14,10,10,10,0,0,1.0,1.0,0.0,0.0,occupation
2021,20,17,17,0,0,17,1.0,0.0,0.0,1.0,occupation
2021,21,274,274,248,0,26,1.0,0.9051094890510949,0.0,0.0948905109489051,occupation
2021,22,320,320,296,0,24,1.0,0.925,0.0,0.075,occupation
2021,23,114,114,111,0,3,1.0,0.9736842105263158,0.0,0.02631578947368421,occupation
2021,24,247,247,232,0,15,1.0,0.9392712550607287,0.0,0.06072874493927125,occupation
2021,25,344,344,249,0,95,1.0,0.7238372093023255,0.0,0.2761627906976744,occupation
2021,26,103,103,97,0,6,1.0,0.941747572815534,0.0,0.05825242718446602,occupation
2021,30,11,11,0,0,11,1.0,0.0,0.0,1.0,occupation
2021,31,254,254,238,0,16,1.0,0.937007874015748,0.0,0.06299212598425197,occupation
2021,32,128,128,128,0,0,1.0,1.0,0.0,0.0,occupation
2021,33,268,268,268,0,0,1.0,1.0,0.0,0.0,occupation
2021,34,74,74,73,0,1,1.0,0.9864864864864865,0.0,0.013513513513513514,occupation
2021,35,44,44,42,0,2,1.0,0.9545454545454546,0.0,0.045454545454545456,occupation
2021,41,170,170,170,0,0,1.0,1.0,0.0,0.0,occupation
2021,42,41,41,41,0,0,1.0,1.0,0.0,0.0,occupation
2021,43,135,135,99,0,36,1.0,0.7333333333333333,0.0,0.26666666666666666,occupation
2021,44,121,121,121,0,0,1.0,1.0,0.0,0.0,occupation
2021,51,143,143,143,0,0,1.0,1.0,0.0,0.0,occupation
2021,52,166,166,166,0,0,1.0,1.0,0.0,0.0,occupation
2021,53,62,62,62,0,0,1.0,1.0,0.0,0.0,occupation
2021,54,34,34,34,0,0,1.0,1.0,0.0,0.0,occupation
2021,61,34,34,34,0,0,1.0,1.0,0.0,0.0,occupation
2021,71,119,119,118,0,1,1.0,0.9915966386554622,0.0,0.008403361344537815,occupation
2021,72,189,189,104,0,85,1.0,0.5502645502645502,0.0,0.4497354497354497,occupation
2021,73,19,19,18,0,1,1.0,0.9473684210526315,0.0,0.05263157894736842,occupation
2021,74,134,134,134,0,0,1.0,1.0,0.0,0.0,occupation
2021,75,50,50,50,0,0,1.0,1.0,0.0,0.0,occupation
2021,81,51,51,41,0,10,1.0,0.803921568627451,0.0,0.19607843137254902,occupation
2021,82,10,10,5,0,5,1.0,0.5,0.0,0.5,occupation
2021,83,57,57,56,0,1,1.0,0.9824561403508771,0.0,0.017543859649122806,occupation
2021,91,18,18,18,0,0,1.0,1.0,0.0,0.0,occupation
2021,92,5,5,5,0,0,1.0,1.0,0.0,0.0,occupation
2021,93,23,23,23,0,0,1.0,1.0,0.0,0.0,occupation
2021,94,1,1,1,0,0,1.0,1.0,0.0,0.0,occupation
2021,96,6,6,5,0,1,1.0,0.8333333333333334,0.0,0.16666666666666666,occupation
2022,10,4,4,0,0,4,1.0,0.0,0.0,1.0,occupation
2022,11,29,29,29,0,0,1.0,1.0,0.0,0.0,occupation
2022,12,109,109,105,0,4,1.0,0.963302752293578,0.0,0.03669724770642202,occupation
2022,13,87,87,85,0,2,1.0,0.9770114942528736,0.0,0.022988505747126436,occupation
2022,14,8,8,8,0,0,1.0,1.0,0.0,0.0,occupation
2022,20,57,57,0,0,57,1.0,0.0,0.0,1.0,occupation
2022,21,206,206,160,0,46,1.0,0.7766990291262136,0.0,0.22330097087378642,occupation
2022,22,319,319,304,0,15,1.0,0.9529780564263323,0.0,0.047021943573667714,occupation
2022,23,105,105,102,0,3,1.0,0.9714285714285714,0.0,0.02857142857142857,occupation
2022,24,277,277,275,0,2,1.0,0.9927797833935018,0.0,0.007220216606498195,occupation
2022,25,318,318,287,0,31,1.0,0.9025157232704403,0.0,0.09748427672955975,occupation
2022,26,110,110,100,0,10,1.0,0.9090909090909091,0.0,0.09090909090909091,occupation
2022,30,75,75,0,0,75,1.0,0.0,0.0,1.0,occupation
2022,31,226,226,210,0,16,1.0,0.9292035398230089,0.0,0.07079646017699115,occupation
2022,32,132,132,132,0,0,1.0,1.0,0.0,0.0,occupation
2022,33,252,252,245,0,7,1.0,0.9722222222222222,0.0,0.027777777777777776,occupation
2022,34,65,65,65,0,0,1.0,1.0,0.0,0.0,occupation
2022,35,46,46,45,0,1,1.0,0.9782608695652174,0.0,0.021739130434782608,occupation
2022,41,218,218,218,0,0,1.0,1.0,0.0,0.0,occupation
2022,42,54,54,54,0,0,1.0,1.0,0.0,0.0,occupation
2022,43,126,126,77,0,49,1.0,0.6111111111111112,0.0,0.3888888888888889,occupation
2022,44,163,163,163,0,0,1.0,1.0,0.0,0.0,occupation
2022,50,1,1,0,0,1,1.0,0.0,0.0,1.0,occupation
2022,51,174,174,173,0,1,1.0,0.9942528735632183,0.0,0.005747126436781609,occupation
2022,52,131,131,131,0,0,1.0,1.0,0.0,0.0,occupation
2022,53,67,67,67,0,0,1.0,1.0,0.0,0.0,occupation
2022,54,17,17,17,0,0,1.0,1.0,0.0,0.0,occupation
2022,61,23,23,23,0,0,1.0,1.0,0.0,0.0,occupation
2022,62,4,4,4,0,0,1.0,1.0,0.0,0.0,occupation
2022,71,86,86,83,0,3,1.0,0.9651162790697675,0.0,0.03488372093023256,occupation
2022,72,159,159,105,0,54,1.0,0.660377358490566,0.0,0.33962264150943394,occupation
2022,73,11,11,11,0,0,1.0,1.0,0.0,0.0,occupation
2022,74,103,103,103,0,0,1.0,1.0,0.0,0.0,occupation
2022,75,40,40,39,0,1,1.0,0.975,0.0,0.025,occupation
2022,81,32,32,14,0,18,1.0,0.4375,0.0,0.5625,occupation
2022,82,15,15,6,0,9,1.0,0.4,0.0,0.6,occupation
2022,83,50,50,50,0,0,1.0,1.0,0.0,0.0,occupation
2022,90,3,3,0,0,3,1.0,0.0,0.0,1.0,occupation
2022,91,27,27,27,0,0,1.0,1.0,0.0,0.0,occupation
2022,92,2,2,2,0,0,1.0,1.0,0.0,0.0,occupation
2022,93,25,25,23,0,2,1.0,0.92,0.0,0.08,occupation
2022,94,4,4,3,0,1,1.0,0.75,0.0,0.25,occupation
2022,96,6,6,4,0,2,1.0,0.6666666666666666,0.0,0.3333333333333333,occupation
2023,2,2,2,0,0,2,1.0,0.0,0.0,1.0,occupation
2023,10,6,6,0,0,6,1.0,0.0,0.0,1.0,occupation
2023,11,25,25,25,0,0,1.0,1.0,0.0,0.0,occupation
2023,12,103,103,96,0,7,1.0,0.9320388349514563,0.0,0.06796116504854369,occupation
2023,13,88,88,82,0,6,1.0,0.9318181818181818,0.0,0.06818181818181818,occupation
2023,14,12,12,12,0,0,1.0,1.0,0.0,0.0,occupation
2023,20,56,56,0,0,56,1.0,0.0,0.0,1.0,occupation
2023,21,175,175,144,0,31,1.0,0.8228571428571428,0.0,0.17714285714285713,occupation
2023,22,276,276,250,0,26,1.0,0.9057971014492754,0.0,0.09420289855072464,occupation
2023,23,91,91,87,0,4,1.0,0.9560439560439561,0.0,0.04395604395604396,occupation
2023,24,222,222,219,0,3,1.0,0.9864864864864865,0.0,0.013513513513513514,occupation
2023,25,252,252,228,0,24,1.0,0.9047619047619048,0.0,0.09523809523809523,occupation
2023,26,76,76,68,0,8,1.0,0.8947368421052632,0.0,0.10526315789473684,occupation
2023,30,98,98,0,0,98,1.0,0.0,0.0,1.0,occupation
2023,31,225,225,217,0,8,1.0,0.9644444444444444,0.0,0.035555555555555556,occupation
2023,32,145,145,145,0,0,1.0,1.0,0.0,0.0,occupation
2023,33,245,245,244,0,1,1.0,0.9959183673469387,0.0,0.004081632653061225,occupation
2023,34,66,66,66,0,0,1.0,1.0,0.0,0.0,occupation
2023,35,46,46,46,0,0,1.0,1.0,0.0,0.0,occupation
2023,41,148,148,148,0,0,1.0,1.0,0.0,0.0,occupation
2023,42,53,53,53,0,0,1.0,1.0,0.0,0.0,occupation
2023,43,146,146,93,0,53,1.0,0.636986301369863,0.0,0.363013698630137,occupation
2023,44,125,125,125,0,0,1.0,1.0,0.0,0.0,occupation
2023,51,166,166,166,0,0,1.0,1.0,0.0,0.0,occupation
2023,52,186,186,186,0,0,1.0,1.0,0.0,0.0,occupation
2023,53,57,57,57,0,0,1.0,1.0,0.0,0.0,occupation
2023,54,21,21,21,0,0,1.0,1.0,0.0,0.0,occupation
2023,61,21,21,21,0,0,1.0,1.0,0.0,0.0,occupation
2023,62,1,1,1,0,0,1.0,1.0,0.0,0.0,occupation
2023,70,3,3,0,0,3,1.0,0.0,0.0,1.0,occupation
2023,71,105,105,104,0,1,1.0,0.9904761904761905,0.0,0.009523809523809525,occupation
2023,72,163,163,113,0,50,1.0,0.6932515337423313,0.0,0.3067484662576687,occupation
2023,73,22,22,22,0,0,1.0,1.0,0.0,0.0,occupation
2023,74,85,85,85,0,0,1.0,1.0,0.0,0.0,occupation
2023,75,29,29,29,0,0,1.0,1.0,0.0,0.0,occupation
2023,81,35,35,17,0,18,1.0,0.4857142857142857,0.0,0.5142857142857142,occupation
2023,82,17,17,6,0,11,1.0,0.35294117647058826,0.0,0.6470588235294118,occupation
2023,83,56,56,52,0,4,1.0,0.9285714285714286,0.0,0.07142857142857142,occupation
2023,90,5,5,0,0,5,1.0,0.0,0.0,1.0,occupation
2023,91,28,28,28,0,0,1.0,1.0,0.0,0.0,occupation
2023,93,24,24,24,0,0,1.0,1.0,0.0,0.0,occupation
2023,94,3,3,3,0,0,1.0,1.0,0.0,0.0,occupation
2023,96,4,4,4,0,0,1.0,1.0,0.0,0.0,occupation
2024,2,7,7,0,0,7,1.0,0.0,0.0,1.0,occupation
2024,10,11,11,0,0,11,1.0,0.0,0.0,1.0,occupation
2024,11,26,26,26,0,0,1.0,1.0,0.0,0.0,occupation
2024,12,123,123,115,0,8,1.0,0.9349593495934959,0.0,0.06504065040650407,occupation
2024,13,119,119,115,0,4,1.0,0.9663865546218487,0.0,0.03361344537815126,occupation
2024,14,12,12,12,0,0,1.0,1.0,0.0,0.0,occupation
2024,20,42,42,0,0,42,1.0,0.0,0.0,1.0,occupation
2024,21,175,175,141,0,34,1.0,0.8057142857142857,0.0,0.19428571428571428,occupation
2024,22,269,269,251,0,18,1.0,0.9330855018587361,0.0,0.06691449814126393,occupation
2024,23,93,93,90,0,3,1.0,0.967741935483871,0.0,0.03225806451612903,occupation
2024,24,217,217,211,0,6,1.0,0.9723502304147466,0.0,0.027649769585253458,occupation
2024,25,235,235,216,0,19,1.0,0.9191489361702128,0.0,0.08085106382978724,occupation
2024,26,96,96,87,0,9,1.0,0.90625,0.0,0.09375,occupation
2024,30,78,78,0,0,78,1.0,0.0,0.0,1.0,occupation
2024,31,273,273,258,0,15,1.0,0.945054945054945,0.0,0.054945054945054944,occupation
2024,32,150,150,150,0,0,1.0,1.0,0.0,0.0,occupation
2024,33,235,235,231,0,4,1.0,0.9829787234042553,0.0,0.01702127659574468,occupation
2024,34,81,81,80,0,1,1.0,0.9876543209876543,0.0,0.012345679012345678,occupation
2024,35,52,52,51,0,1,1.0,0.9807692307692307,0.0,0.019230769230769232,occupation
2024,41,154,154,154,0,0,1.0,1.0,0.0,0.0,occupation
2024,42,60,60,60,0,0,1.0,1.0,0.0,0.0,occupation
2024,43,111,111,75,0,36,1.0,0.6756756756756757,0.0,0.32432432432432434,occupation
2024,44,127,127,127,0,0,1.0,1.0,0.0,0.0,occupation
2024,51,214,214,213,0,1,1.0,0.9953271028037384,0.0,0.004672897196261682,occupation
2024,52,206,206,206,0,0,1.0,1.0,0.0,0.0,occupation
2024,53,74,74,74,0,0,1.0,1.0,0.0,0.0,occupation
2024,54,46,46,46,0,0,1.0,1.0,0.0,0.0,occupation
2024,61,20,20,20,0,0,1.0,1.0,0.0,0.0,occupation
2024,62,1,1,1,0,0,1.0,1.0,0.0,0.0,occupation
2024,71,121,121,120,0,1,1.0,0.9917355371900827,0.0,0.008264462809917356,occupation
2024,72,192,192,133,0,59,1.0,0.6927083333333334,0.0,0.3072916666666667,occupation
2024,73,16,16,15,0,1,1.0,0.9375,0.0,0.0625,occupation
2024,74,117,117,117,0,0,1.0,1.0,0.0,0.0,occupation
2024,75,32,32,30,0,2,1.0,0.9375,0.0,0.0625,occupation
2024,81,38,38,25,0,13,1.0,0.6578947368421053,0.0,0.34210526315789475,occupation
2024,82,12,12,1,0,11,1.0,0.08333333333333333,0.0,0.9166666666666666,occupation
2024,83,59,59,57,0,2,1.0,0.9661016949152542,0.0,0.03389830508474576,occupation
2024,90,6,6,0,0,6,1.0,0.0,0.0,1.0,occupation
2024,91,38,38,38,0,0,1.0,1.0,0.0,0.0,occupation
2024,92,4,4,4,0,0,1.0,1.0,0.0,0.0,occupation
2024,93,23,23,23,0,0,1.0,1.0,0.0,0.0,occupation
2024,94,9,9,8,0,1,1.0,0.8888888888888888,0.0,0.1111111111111111,occupation
2024,96,7,7,7,0,0,1.0,1.0,0.0,0.0,occupation
